Date,AAPL,AMZN,GS,JPM,MSFT,SPY,XLB,XLE,XLF,XLI,XLK,XLP,XLU,XLV,XLY
YYYY-00-DD 00:00:SS,0.00911787085622628,-0.151888341543514,-0.0258713727065496,0.044492848737292,-0.161670723892561,-0.0497873765005567,-0.122280717400397,0.0080739567979089,-0.0295859578939095,-0.0817938765720881,-0.0614853407024097,0.00881927739884181,-0.0177679064751055,-0.0252907380373019,-0.12424572826925
YYYY-00-DD 00:00:SS,0.104820128338014,0.0667957405614714,0.00954981537016475,-0.0131682615913076,-0.0868452263396481,-0.0152266074546106,-0.100469046972124,-0.0423340002574093,-0.107046356628388,-0.0551725731202526,0.105067638462573,-0.117013714668005,-0.121537576219121,-0.0653868397182635,-0.0557146648253542
YYYY-00-DD 00:00:SS,0.184841843590096,-0.0272232304900182,0.13783813905114,0.0949765850840381,0.188811331999168,0.0969146478814422,0.100893230272355,0.124423266108597,0.182624475160074,0.139206837781558,0.0838929397825894,0.0375925365033924,0.109236682159154,0.0899500848017745,0.141516444292707
YYYY-00-DD 00:00:SS,-0.0865167432049306,-0.176305970149254,-0.112879382914819,-0.168445004690762,-0.343529234727224,-0.0351202193571026,-0.0332198224813777,-0.0149253406994077,0.00965889071799242,0.0144454910907177,-0.0918471769692369,0.0530191819193595,0.0654587854974877,-0.0117168174683837,-0.0208223113089983
YYYY-00-DD 00:00:SS,-0.322921781608156,-0.124575311438279,-0.211125708860758,0.0355285652728141,-0.103046789557119,-0.0157225897417224,-0.0315570404308695,0.117424038530266,0.0223212925318983,-0.00421968072432688,-0.10397714553577,0.0713288992296428,-0.00219376547069605,-0.0268036481557947,-0.0539802862784815
YYYY-00-DD 00:00:SS,0.247023890667012,-0.248382923673997,0.288444824507943,-0.0748950680656215,0.278721050520283,0.0196816375091986,-0.0855119845316473,-0.055015918316903,-0.0485015749022472,-0.0393304125820414,0.0995562207983207,0.05661281299875,-0.0339673403826214,0.00211814797371268,-0.0541021275019999
YYYY-00-DD 00:00:SS,-0.0298331670977823,-0.17039586919105,0.0424551966547331,0.0889765061502639,-0.127343656057548,-0.0157021658711709,0.00875130129044877,-0.0381049836255244,0.0881582587439933,0.0154695110992089,-0.0530569671581929,-0.0365326274697926,0.0154811679408466,-0.0147992393512856,0.0158732622890263
YYYY-00-DD 00:00:SS,0.199262572184765,0.377593360995851,0.312222884523254,0.121706184457274,0,0.0653408857700524,0.0228709749755755,0.10920787411682,0.10157153511433,0.0990205212348925,0.101705426326697,-0.0122108242372485,0.038960857413908,0.0354078611452053,-0.0414662058888603
YYYY-00-DD 00:00:SS,-0.577436401770175,-0.0737951807228916,-0.119208534429889,-0.173378205565096,-0.136078630915903,-0.0548620600413887,-0.0980329226359413,0.0164413037789122,0.0217398618802125,-0.0290424686593815,-0.179657405324364,0.0442957661025136,0.132143388244646,-0.0362693328727803,0.00122531217288335
YYYY-00-DD 00:00:SS,-0.240291461726202,-0.0471544715447154,-0.123858654257497,-0.008095031117619,0.141969011934779,-0.00467833772614235,0.0877040197450116,-0.0271819171477442,-0.00862095489795167,0.022495087577741,-0.0572772345768349,0.0694179192685451,0.0580835304639806,0.015054118024415,-0.0125551069253612
YYYY-00-DD 00:00:SS,-0.156548433236823,-0.325938566552901,-0.177206981601172,-0.189560632040858,-0.166969326568971,-0.0746526578599683,-0.02529620074372,-0.052451052516203,-0.0510868515926092,-0.0339998216016004,-0.205146531944001,0.034503065079474,-0.000457280229392842,-0.091102376057321,-0.024793671525068
YYYY-00-DD 00:00:SS,-0.0984853252280923,-0.369620253164557,0.30213020052544,0.232203050185262,-0.244008461666546,-0.0052265198345347,0.140889262375579,0.102095076239592,0.0853280307489299,0.039506349123313,-0.0989209252669039,0.0363760418992598,-0.0136463166629347,0.0165004218419498,0.0704705306958182
YYYY-00-DD 00:00:SS,0.453782950586312,0.112449799196787,0.0648672483073052,0.219099894891858,0.407780129813399,0.0444589575496805,-0.0266958618266732,-0.0318641078114286,-0.00237281561270553,0.00383963181656877,0.19121723649486,-0.0729102894672192,-0.0562707819296272,0.0722941420895751,0.116288262602784
YYYY-00-DD 00:00:SS,-0.156069637042012,-0.411552346570397,-0.193406232023595,-0.151481747005488,-0.0337763805883114,-0.0953874848285462,0.012949505043488,-0.012138455070284,-0.0672783340206716,-0.0599296757391112,-0.249061567659762,0.00604241729639154,0.0207531050399712,-0.0191651254442456,-0.0714036582942491
YYYY-00-DD 00:00:SS,0.209314199360428,0.00417173420724692,-0.0724796582533362,-0.0377193995565696,-0.0730935015732187,-0.0560368778439531,-0.0500799241309581,-0.0298329769667707,-0.0299516840981791,-0.0957700618957704,-0.114602207665513,-0.0693572962363553,-0.0143352424203697,-0.0640304495662845,-0.0145822579165714
YYYY-00-DD 00:00:SS,0.154963154450728,0.542522037055889,0.0718218583077479,0.0774021290431177,0.23885728086237,0.0854401526948383,0.106659562830266,0.103257519082998,0.036171809306448,0.114329168471636,0.161693799120279,0.0194173976363812,0.0482581018998389,0.0738259061896118,0.0463777209302108
YYYY-00-DD 00:00:SS,-0.217340756672253,0.0576679858355791,0.043907712454619,0.0243849987511535,0.0211069380461117,-0.00560552562850491,0.0384615073146286,-0.00944801636670667,0.0439992701920016,0.0418493040450547,-0.0409579686609853,0.0146825742219294,0.00701200360955667,0.0381942143859175,0.0238097995172601
YYYY-00-DD 00:00:SS,0.165414592997176,-0.152186988271463,-0.097792017059799,-0.0952188019534461,0.0552182483846586,-0.0238299704402919,-0.0345131001405572,-0.0911310307141603,-0.00715534992239175,-0.0617880784824875,0.0195442538592101,-0.0462527443307119,-0.0501756683687794,-0.0112960208255857,-0.00787433608238053
YYYY-00-DD 00:00:SS,-0.191828282422704,-0.117314480011592,-0.0293923831733592,-0.0190269926225593,-0.0932874154150483,-0.0101957459392742,-0.00271953493556421,-0.011532065883939,-0.00950831292330345,-0.00207610416533999,-0.0692224667826263,0.0304396385135277,-0.00898815144393295,-0.0199669926231462,0.0444519228152012
YYYY-00-DD 00:00:SS,-0.0127734559188465,-0.284227402385056,-0.0367969518864206,-0.0900699194109047,-0.138087511857328,-0.0593321774786423,-0.00409130385836165,-0.0423335085372898,-0.0661208309249811,-0.0343270333968334,-0.122044704264553,0.00479103968144967,-0.0356332483668751,-0.0507593057130996,-0.0875431396419676
YYYY-00-DD 00:00:SS,-0.163882622879467,-0.332214757225337,-0.10923876605119,-0.13324856008746,-0.103067797334493,-0.0816306034697727,-0.118443711676845,-0.0962331091141553,-0.0563453778106271,-0.146518910556626,-0.163770500838959,-0.00120586008257995,-0.00955826633222323,-0.144792078514339,-0.126315576681996
YYYY-00-DD 00:00:SS,0.132172772142026,0.169179273765002,0.097080588985639,0.0455918954765924,0.136408319688592,0.0130215573543651,0.0270824931569993,0.040279405228494,-0.0141820398871123,0.0177440621191527,0.109091034070459,-0.00638514357734221,-0.0526314709516041,0.0051063664978197,0.0526772178963693
YYYY-00-DD 00:00:SS,0.212985335286993,0.621776456144884,0.138689931803378,0.0667422023357762,0.104213133233738,0.0779775230350104,0.12677519872795,-0.0558451689093976,0.0649407558856399,0.100040939818007,0.149414566950068,0.0441769199349622,-0.0126260955424146,0.116004011012568,0.133167878089431
YYYY-00-DD 00:00:SS,0.0281681850293007,-0.0441696124981887,0.0421347682538047,-0.036320287294877,0.0317710963771913,0.00563926966908967,-0.0299492774566762,0.0571775835477088,0.019477621064627,0.045283443307415,-0.0220046972730197,-0.0196284600411157,0.0320471080203675,0.0241932955404145,0.0454344973213923
YYYY-00-DD 00:00:SS,0.128769623177041,0.311460256987912,-0.0609384605306256,-0.054428887280094,-0.0383397017939395,-0.00979886144401387,0.0233428692476794,-0.035581198626258,-0.0114067173388384,-0.0631767402836776,-0.0108337134328936,-0.00669269016169094,-0.0360329778179169,-0.00742088517618056,0.032866950088825
YYYY-00-DD 00:00:SS,-0.122169186033913,-0.00634243844784832,-0.0694419857769091,-0.140969044194641,-0.0842882542623371,-0.0179361294125123,0.0529195998413841,0.034175157672816,-0.0173078018722612,0.0250479848910099,-0.130160092148,0.0210061330783071,-0.00185044787794897,0.04598117122551,0.00541667974794624
YYYY-00-DD 00:00:SS,0.0907844123543746,0.0141843832520727,0.115023868648606,0.218803051382926,0.0337675515922242,0.0332712667466612,0.0307507683926635,0.0885242452343147,0.066160664049516,0.0270535902747919,0.0493948234631281,0.0161270435262211,0.0533215214144829,0.0580136834962748,0.0127215750195182
YYYY-00-DD 00:00:SS,0.0253478454450264,0.167132888912216,-0.12606541207659,-0.00585522131930016,-0.133476774103844,-0.0581553519104882,-0.0472371084110931,-0.0359984459536871,-0.0254144032024289,-0.0690158808837809,-0.120904514709632,-0.0371650129347892,-0.0606810147698224,-0.00608313780411385,-0.0279626651918295
YYYY-00-DD 00:00:SS,-0.0399684060530702,0.0922707584721876,-0.041905171383976,0.0242166749453141,-0.0258330122406852,-0.00593450071854174,0.0495790808270424,-0.0175946520773993,-0.00302364542081735,0.0043373361057748,-0.041469621421904,-0.011142182492626,-0.00831151119308526,0.0139409288930372,-0.00513725018410061
YYYY-00-DD 00:00:SS,-0.239483054112306,-0.10861215534586,-0.0278326610092865,-0.0564678022434566,0.0744453934247138,-0.0738073360217478,-0.0170312126787704,-0.0366255937153664,-0.0427729104148289,-0.0613308753383425,-0.133625565840695,-0.101899424680282,-0.067259042048712,-0.0715307102760456,-0.052670048205804
YYYY-00-DD 00:00:SS,-0.138827379894264,-0.110769242506761,-0.000997085260106445,-0.256085425361127,-0.122851868538988,-0.0788198958005626,-0.113411187287117,-0.138550178793019,-0.0831338588367658,-0.05660362085928,-0.094816812849143,-0.0426964644376293,-0.147216161463896,-0.0289020201347095,-0.119403011444507
YYYY-00-DD 00:00:SS,-0.033420272421579,0.0339100192101029,0.0567332331416674,0.0576921293651953,0.0229265235605642,0.00680166013540995,-0.0053499657225814,0.0150642829696652,0.0186548027134148,-0.0155553362857133,-0.00837989357510982,0.00798116279038052,0.039651462152118,0.00967262056416773,0.0301781474447382
YYYY-00-DD 00:00:SS,-0.0169480920805656,0.0662651106156913,-0.145796087858293,-0.280681631362788,-0.108801911532034,-0.104852304296789,-0.129792482422354,-0.0713556161057196,-0.114935755742759,-0.115398855018503,-0.166901079600013,-0.0722836857451148,-0.121045844782768,-0.0619422578233867,-0.0891505754246266
YYYY-00-DD 00:00:SS,0.108273093347823,0.215317026959588,0.0861107687591107,0.111830638713747,0.22245066904304,0.0822843522415673,0.057094440536031,0.01843109089642,0.0914372076972392,0.0491803301762737,0.247675392243258,0.038908115918376,-0.0230314618199418,0.0583133810711955,0.0674908757973054
YYYY-00-DD 00:00:SS,-0.035467868029335,0.206095023002466,0.101536018078325,0.213011549676515,0.0787356107024579,0.0616809394067395,0.120320648249362,0.0412994725864866,0.037233760409314,0.052246632007297,0.158536038725056,-0.0277232211866568,0.0290572177144128,0.0309011108484854,0.0462801989748005
YYYY-00-DD 00:00:SS,-0.0754843365658229,-0.191006463338677,-0.135057538317997,-0.0464838781710845,-0.10367547381458,-0.0565703863853055,-0.0458028375408348,0.000231768133565291,-0.0541880949998703,-0.0392805831158183,-0.132166200691081,0.00282182311204604,0.0324000396344133,-0.0375815165552258,-0.0851962603940427
YYYY-00-DD 00:00:SS,0.00209482811628536,0.156696722470163,0.00167123739685771,-0.0135248562008938,-0.0820120054488293,-0.0245947142536794,-0.0498992712754892,-0.0250783020341255,-0.0127271782670842,-0.0539095957611393,-0.0236488502239486,-0.0341018651352111,-0.02349852536169,-0.0033900862424433,-0.0333194273497111
YYYY-00-DD 00:00:SS,0.0452641606057342,0.00732264735097221,0.0198239483016911,-0.0282778435860717,0.0019479508052207,-0.0134790130602896,-0.0265249232949601,0.0293981728688866,-0.0308472254069758,-0.0154001377014876,0.00484428173838003,-0.0306339447636643,-0.0534757497361213,-0.0222979508326355,-0.00447589364711243
YYYY-00-DD 00:00:SS,-0.0579628871652702,0.182644271511118,-0.019726194213525,0.0454144063350923,0.0215191035997126,0.00213982714072336,0.00617480282853622,0.00122132186264201,-0.00934241211867481,0.010625696017565,-0.0151516451351371,0.000119224270079155,0.0506579340676554,0.0356472457241965,0.0235082200105228
YYYY-00-DD 00:00:SS,0.0056596505356068,0.102189772464232,0.116596590152556,0.255492003195274,0.0561748530133275,0.0846114598422869,0.090315316645738,-0.00851302141504706,0.125722685873753,0.108234088456629,0.0916085192291902,0.0296179936777394,0.086412843387353,0.032934447937738,0.1170255958966
YYYY-00-DD 00:00:SS,0.262305517559345,0.250958477572832,0.073780891597607,0.119590793713379,-0.0375443572757901,0.054836477510803,0.0309379569906116,0.10619120553878,0.0509198065352408,0.0271027129169976,0.0858421624238732,0.0491626127645057,0.101050392526243,0.0206522296839018,0.0531705994002136
YYYY-00-DD 00:00:SS,0.0618370214222648,0.0119810619250054,0.0276082332245256,0.0401704249591135,0.0418536351650121,0.010651773595733,0.00902322093162122,-0.0128417540227096,0.00423568921927475,0.020886399189981,0.00707987383547093,0.0095426412737647,0.0135704143520179,0.0441648921224178,0.0144969767940191
YYYY-00-DD 00:00:SS,0.10598260293663,0.146475763753444,0.0435322393713593,0.0357569972068243,0.0300307995899316,0.0180269987450801,0.0786302351045427,-0.0353425323464022,0.0435845274788282,0.0330506590201014,0.0310483088733349,-0.00148844409466464,-0.0669077259429928,-0.0150019868464876,0.0184569912911883
YYYY-00-DD 00:00:SS,0.072579728174619,0.112391939812065,0.0154922488157851,-0.0236807465638875,0.00416471031690535,0.0206261248125381,0.0277278512835546,0.0637925488136151,-0.0117094065250143,0.0389100210533584,0.0477276210336213,0.01689048782141,0.0198637290338963,-0.0370368157054465,0.0511055165532956
YYYY-00-DD 00:00:SS,-0.083591295923593,0.0455526905063286,-0.0518704303462918,0.00321438173146715,0.0482658315074691,-0.0109060445664137,-0.0450439122522748,-0.0206196848671318,0.0088664053461962,-0.0273533123748635,-0.00867662071145914,-0.00393265747969773,0.0497223926725618,0.00260272930901984,-0.0477214892542296
YYYY-00-DD 00:00:SS,0.104729521821051,0.123890149952338,0.122434731785203,0.0558801554087685,-0.0544373603470129,0.0535265517193377,0.0952817512835007,0.00956361476132872,0.0692637487862227,0.0618289772366767,0.0733038653084344,0.0452754927654409,0.00684982745702878,0.00683184258908454,0.0910074464194051
YYYY-00-DD 00:00:SS,-0.0865002279146623,-0.00845120488505513,0.0232167651949744,-0.013927788240879,-0.016449508110389,0.0109208599476864,0.0225852228231735,0.00782539797511639,-0.00368027029510143,0.0198137477505893,0.0142714413267519,0.0117701052859758,0.00226785056410939,0.0214285386583914,0.00897313645216147
YYYY-00-DD 00:00:SS,0.0219984491884599,-0.0250139384525434,0.0275805431377947,0.0375705333006826,0.0645664254773191,0.0503136879817785,0.0980298931890693,0.13092394587621,0.0453553656172154,0.066276121998545,0.0313553497850698,0.0177885576705996,0.0655198211366737,0.0578684034338288,0.0400520936035027
YYYY-00-DD 00:00:SS,0.0556853734983156,-0.0421892332016119,0.0108158555363897,0.0687000890134377,0.0102301321911677,0.0197694250385385,-0.0442118335118289,0.022504377811321,0.0327058302010621,0.0100893425331186,0.0426889034137818,0,0.0205744968404691,0.0275292360354225,-0.00571617925368295
YYYY-00-DD 00:00:SS,0.0602843893011398,-0.146627043266083,0.0634854647009182,0.0547700730350158,-0.0405070087699724,0.013570840382757,0.0521371808580711,0.052538866052092,0.0285710132252857,-0.00739905843571276,-0.0254116691321516,0.0569332114035479,0.018899682245652,0.0106513685626408,0.021718295570794
YYYY-00-DD 00:00:SS,0.130433932417398,0.00627762074634841,-0.0143573876322666,0.0226716984674724,-0.0603087088675697,-0.0132458767921132,-0.0230584022169499,-0.00625174564658548,-0.0116139643001585,-0.0122323609533731,-0.0265572695602481,-0.00247838819310231,0.0106608447085392,-0.0416899442711254,-0.00617133759209809
YYYY-00-DD 00:00:SS,-0.0465975176672466,0.00739370849930077,-0.0705491303417923,-0.096425011209787,0.0481352066855125,-0.0189209409490264,-0.0463067581486598,0.0170417940905452,-0.0435371071887581,-0.000378754042490548,-0.0381944587876554,0.0131117063509509,-0.0427630716466562,0.0310724814373602,-0.0113385866979658
YYYY-00-DD 00:00:SS,0.0884400238682206,0.112385360031316,-0.0293534720407151,-0.0202128019556451,0.00382664217116324,0.0171229548687688,0.0280901963194582,-0.00301615453439907,0.0170698068466166,0.0246214277697441,0.0391951258101464,-0.00560858279992482,0.0120277832782025,-0.00324011465861407,0.00637126290566958
YYYY-00-DD 00:00:SS,0.159658014216253,0.121649515997503,0.00266165344549085,0.0523887405483312,0.0888296125021384,0.0185015679656351,0.050174817474731,0.062365603807711,0.00442309652976314,0.0617247263737224,0.0272958952500442,0.00548682758973462,0.0173182101204088,-0.00373460764368683,0.002584589445221
YYYY-00-DD 00:00:SS,-0.00614542763161618,-0.284558877256088,-0.060727169009265,-0.0286237132720913,-0.0024510743599111,-0.0322189063097343,-0.0227788346661227,0.0308127847962802,-0.0213440819426922,-0.0279132645198889,-0.0608700081680409,-0.0493722110226786,0.0151518970922142,-0.0536650613072831,-0.0379383735989061
YYYY-00-DD 00:00:SS,0.0664814171003689,-0.0200410795476154,0.0165551327707498,0.060273675797218,-0.038941891119495,0.00243632157752405,0.0168134534038193,-0.0154080819520913,0.0325351749403882,0.000717648589068309,-0.0442385219391507,0.0177680520051158,0.0406295181906959,0.0162515910873395,-0.00197180921268059
YYYY-00-DD 00:00:SS,0.12351340988105,0.071316236608052,0.0400444398747914,0.00378950086728103,0.0128205561273218,0.010037200396753,0.0401892810360038,0.0976297718964454,-0.00920398932226008,0.0214972065879873,0.0290635976256353,-0.0263376349104155,0.00634779508317895,-0.0174851165330703,0.0288364903259388
YYYY-00-DD 00:00:SS,0.352257795925416,-0.16470874796148,0.0579910638868726,-0.0201842365015619,0.0115728328480478,0.0128843885806156,-0.00943710924768437,0.00601172080012025,0.00527094344917911,0.0102190606142025,0.043932486903451,0.0064632364424928,0.0487024561903675,-0.0222301443049907,0.0403845626093604
YYYY-00-DD 00:00:SS,0.279580607458116,0.162613509035177,0.0648505766109639,-0.024610750145576,0.0683172665818659,0.0445173647389849,0.0813487245318292,0.0674445761238576,0.0311076084649007,0.0627833231815254,0.0511024924398125,0.0247708813475935,0.0445374343402329,0.0195381483828754,0.0418979366387264
YYYY-00-DD 00:00:SS,-0.0395226533891306,0.116179449972188,-0.00687314571133912,0.0361221940690721,-0.00335706404584502,0.0301209432110818,0.0133714111356422,-0.0282072744136702,0.0413440872770232,0.02483001780868,0.0261658834705518,0.037390381829824,0.0246301551324208,0.0551444908018492,0.0467147866723514
YYYY-00-DD 00:00:SS,0.194099232875682,-0.0241589449696555,0.0391336519136178,-0.0346827134062374,-0.0164669743527863,-0.0224206418887153,-0.0306089708358646,0.0338656494128353,-0.0216179382107832,-0.0280008796723298,-0.0563719812853,0.0116986035451008,0.0211847025198433,-0.0311366399224018,-0.042788437014714
YYYY-00-DD 00:00:SS,0.166709975825615,-0.186025004360158,0.00880863621631489,-0.020894764433505,-0.0396643746186353,0.0209039140584279,0.0787649342308225,0.16777686050548,-0.0066956932593174,0.0115891323108288,0.0015064785812986,-0.00128474475611318,0.0214487311669038,0.0300858290762667,-0.00532860432492521
YYYY-00-DD 00:00:SS,-0.0711100473865083,-0.0258669653075082,0.0109372195326258,-0.0533516416277056,-0.0393479173135447,-0.018292860756558,-0.0265785080568619,-0.0190937136689587,-0.0380474574608497,-0.000438456189151615,-0.0195487434679015,-0.00876266991806107,0.0110588889408512,-0.00558091844445407,-0.0116855350196348
YYYY-00-DD 00:00:SS,-0.134629447084908,-0.0557338728304396,-0.026778875915781,0.0360069911067382,0.0467518919513397,-0.0187352107294279,-0.0712860525402625,-0.0541172542890382,0.00176098672735625,-0.0364769636478303,-0.0352761389671067,-0.0104260357132221,0.0308742434423888,0.0348294124426027,-0.0636308801243105
YYYY-00-DD 00:00:SS,0.102607157735196,0.0973423254563843,-0.0869931099217567,0.00732627031346578,0.0229978333636753,0.0322245325072024,-0.00642621460695636,0.0278667836855839,0.0295366425321035,0.0317187341063581,0.06942240461612,0.0232661723545362,-0.000665107949739618,0.0126215754635353,0.0618356625567775
YYYY-00-DD 00:00:SS,-0.0741950779902512,-0.068149768609756,0.0463590159628358,-0.0120279176470838,-0.0372096843853633,0.0015152153792386,-0.0200176808709448,0.0697921995636448,0.0124644696153622,-0.0263414976392574,-0.0128845921999553,-0.0193199593601858,0.059533899145839,-0.0052873779151309,-0.00431090665811473
YYYY-00-DD 00:00:SS,0.158652139664221,0.36446060192441,0.0559572855346209,0.00457377972560624,0.0309985456517978,0.0382613003421723,0.0552690357580672,0.0708664476196954,0.0156090953119332,0.0381215201060141,0.0567269061173881,0.032087626248525,0.0224971214060379,0.0225589067571186,0.0567417709720237
YYYY-00-DD 00:00:SS,0.099414035889585,-0.0542635809554773,0.0344251315289863,-0.0355718341873617,0.0722843836797986,-0.00937393805217068,-0.041899522696665,0.0638652766796657,-0.0163712332498885,-0.0236070006227218,-0.00950086027099672,-0.0174616168254666,0.00650774792696485,-0.00346685183599826,-0.0329097648828951
YYYY-00-DD 00:00:SS,0.143314137727561,0.0608898929195736,0.0935422154518308,0.00118005112958519,-0.0602622306751763,0.00802526962527517,0.00769845115016787,0.0628639967999625,0.00855764870403264,0.0167572039427526,0.00239857405619004,0.0141449959089781,0.0422829635153652,-0.005541554139187,-0.028421008930843
YYYY-00-DD 00:00:SS,0.0742398429780304,-0.120088271927794,0.0415461654268208,0.0901444907610771,-0.00116595769435979,-0.0236512277342118,0.00218200477586161,-0.0903670205911205,0.0304880614458003,-0.0142574788797707,-0.0229669839837623,-0.00472479009377202,-0.0639883678009557,-0.0306218718697702,-0.0203139780928088
YYYY-00-DD 00:00:SS,0.177635236383617,0.215755101415821,0.0204954031521476,0.0445108501734746,0.0801999630170702,0.0439524012334083,0.07656026831712,0.0149528492899189,0.0476663747127581,0.0581904156962383,0.0631732316424356,0.00906315675274327,-0.0015897703881711,0.0121747733356217,0.039899457690955
YYYY-00-DD 00:00:SS,0.0600115912114212,-0.0270325543405446,-0.0096930561292129,0.0376469552528433,-0.0552745542221011,-0.00191332012650147,0.0286109557239054,0.0179951855586416,0.000203238470348976,0.00472970200202871,-0.0307140149183211,0.001168855403894,0.00859155484383312,0.0346007418893404,-0.00855816690640898
YYYY-00-DD 00:00:SS,0.0503550360651503,-0.0494167922725481,0.10809180250498,0.0100563321690852,0.076481712170704,0.0240140563597779,0.0482164114795565,0.146094855439064,0.00884121915855562,0.00286480704456871,0.0334922419352077,0.00171810799745353,0.0242114433524028,0.0129256985276998,0.0177639291516849
YYYY-00-DD 00:00:SS,-0.0929682393934169,-0.164658659490519,0.000283419120592932,0.0349689477221651,-0.0422361338758529,0.00572553043636392,-0.0214241021829753,-0.0922652290512609,0.0212834047138113,0.0311003578182263,0.00231499682396086,0.00857217904335172,0.0130639206911702,0.0115152756005474,0.00722238079007442
YYYY-00-DD 00:00:SS,-0.0842458861587021,-0.0243055523715466,0.110906492232346,0.0121537051098004,0.0126535432493295,0.0165033617764852,0.0466380528469141,0.0424377547668897,0.00289828642305179,0.0442293136321341,0.0226330935394474,0.00824626340332446,-0.0463154916123997,-0.0127743687296705,0.00588400948168588
YYYY-00-DD 00:00:SS,0.122289938999201,-0.0361346766748954,0.0233402288721378,0.0987267107845613,-0.112458499547619,0.012632191979397,0.0355486753381646,0.050367701100565,0.0433175629150842,0.0215978659826503,-0.0130984752670608,0.00974574204105294,0.0158936933506468,-0.0309567627507411,0.0127742953248933
YYYY-00-DD 00:00:SS,-0.150873687489054,-0.0170405705686511,-0.0582690369896919,-0.0603789820873442,-0.0584547020429509,-0.030120946765199,-0.0402981156139937,-0.0278265224827889,-0.0376910863583548,-0.0170867210705484,-0.0649884854065697,0.00209838115560212,0.0162833961182269,-0.020974538410876,-0.016719853999991
YYYY-00-DD 00:00:SS,-0.0418271609011269,0.117596059608474,-0.00344528878077022,-0.0150093198786342,0.0286976643556625,0.00260840113605032,0.00516068696226135,0.0253819876956072,-0.00462508975995612,-0.0012847586244199,-0.00489526157780673,0.0184043376856755,0.0229445873157938,0.000349375369389504,-0.00175004412083068
YYYY-00-DD 00:00:SS,0.18665965747216,-0.304808707924176,0.0178768324238769,0.0950553154893277,0.0326181073368159,0.00447825202691465,-0.0373828971988401,0.0334800634019647,0.0228819251096226,-0.0567883088207674,-0.0260699251403809,0.0157090876325781,0.0480029167806033,0.0545636331803978,-0.0332433096725511
YYYY-00-DD 00:00:SS,-0.00161881004496134,0.146522894142361,-0.0268416952622689,0.000876740162346401,0.072095975792368,0.0218228204355428,0.0300967773487324,-0.0508098595997863,0.0117895310185248,0.0112893732314925,0.0702024348563584,0.0386652066389677,0.0274819682802538,0.0285356606054115,0.0198264321536534
YYYY-00-DD 00:00:SS,0.13456192883353,0.0418423292692516,0.138042580657528,0.0284710801543537,0.0642029731486222,0.0270010462982044,-0.000138197158150222,-0.0365890828512935,0.040253003333633,0.0381795857542127,0.0403362487257166,-0.000503997449319171,-0.0145445143533037,0.0153457047827419,0.0637063990472311
YYYY-00-DD 00:00:SS,0.0532604774606429,0.185865548543865,0.124039656705447,0.0174666395249212,0.0497250782653673,0.031516691681857,0.0600507318211463,0.0426565439858526,0.0233970783174289,0.0281945979424021,0.0395447917428609,0.0177303626995351,0.0529565172990227,0.00331445273109376,0.0646639331039982
YYYY-00-DD 00:00:SS,0.130488114895171,0.0590706219739181,0.0263974175907047,-0.0244521372143522,0.026136554202363,0.019885402434616,0.0435302579999286,0.0857708446921341,0.00705594204837223,0.0245041894799725,0.0284217761013055,-0.00851750259376638,0.0265437314009289,-0.00120117942894427,0.0126309412568477
YYYY-00-DD 00:00:SS,-0.0744050424642072,-0.0218146024984281,0.0233574811973183,0.0436472040949654,0.0170304577380935,0.0133711425970151,0.00631685570053286,-0.0281733231818072,0.0376339543620585,0.00492617439779663,-0.00538649520028056,0.025089146888071,0.00853812820763666,0.0104524164375273,0.0216851731139369
YYYY-00-DD 00:00:SS,0.0104902105399165,-0.0453624165498702,0.0660382002927009,0.0619265531768047,0.0334891632148628,0.0150405949529948,0.0404704826791289,-0.00921024580708651,0.00925406040604737,0.0208516748332905,0.0202063794355272,0.0202905269747773,-0.00354053177841773,0.0304569260226857,0.0286761571487026
YYYY-00-DD 00:00:SS,-0.0130643840345184,0.0390231296033079,-0.0490666655004723,-0.0302378048457919,-0.0840027063820569,-0.0196175327320021,0.0267588162709733,-0.020485502368031,-0.0304745925476552,-0.0111925138219506,-0.0269701187378648,-0.0153848311055965,0.0530200878209013,-0.0231818301948653,-0.0299038485971024
YYYY-00-DD 00:00:SS,0.0980970587655081,0.0166070908537319,0.0241879963514322,-0.0204492479932775,-0.0106493222280867,0.0115887841032172,0.0236113723813294,0.0628773168118635,-0.00472835875339128,0.00811901716320063,0.00996092144289484,0.0206641661827776,0.0359281686938493,0.00195219352492138,-0.00472700505429691
YYYY-00-DD 00:00:SS,0.0741582754564107,0.541342056293387,0.0596693113757936,0.0845347446551776,0.0742733531452364,0.0442955234279718,0.0149803434719635,0.0512611177742548,0.0387312192567417,0.0464139751983523,0.0471700631511554,0.028142787319716,0.0491183488547697,0.0731058190203635,0.0236651286890985
YYYY-00-DD 00:00:SS,0.21432817040081,0.127343833774992,0.0558532535420428,-0.00518184397062038,0.0283705626710891,0.0339206277434285,0.0590372510121109,0.0777971919683422,0.0240479427056983,0.0518814938319241,0.0503686538437866,0.0135032754924718,0.00456160473411305,0.0171695927273148,0.030054217439202
YYYY-00-DD 00:00:SS,0.0070135297031968,-0.0105582258314043,-0.0609566162150291,-0.0652133586274917,-0.0397520837965651,-0.0146212247154024,-0.0053184364670531,0.0130355450732365,-0.0401640769944341,0.000270263321263453,-0.00124889369925096,-0.0199260031108897,-0.0474722078014184,-0.0334774582092575,-0.0174696742196052
YYYY-00-DD 00:00:SS,0.0796464917013184,0.148077718332717,-0.12951121723779,-0.084563158720328,-0.0162883911800162,-0.0313097863760797,-0.0266668117813082,0.000144868470199677,-0.0906580778216665,0.00947732860739037,-0.00195301654575886,-0.0284658499785515,-0.0399192567798238,-0.0475785556629961,-0.0592422704300146
YYYY-00-DD 00:00:SS,0.0510020226169203,0.0174433757399051,-0.0654664232139587,0.0115885077425875,-0.00549484363559738,0.0128325949155865,-0.00684979997184043,0.0120292466968894,0.0258361399831544,0.000253399528641784,0.0191783667630396,0.0235922356273621,0.0157894336590822,0.0228963698701576,0.00621612151316331
YYYY-00-DD 00:00:SS,0.10824657598448,0.165686362870829,0.231406658925001,0.0292002104225866,0.0254090237681286,0.0387141647906595,0.0805369896561339,0.073991647529752,0.0244127584992542,0.0473785655118306,0.0377841033469382,0.0459425142956071,0.038362232299743,0.0311990254351984,-0.00879651708209062
YYYY-00-DD 00:00:SS,0.237700893591083,-0.0429414915134352,0.145640086875899,0.0340855898447203,0.249491209538353,0.013566536442188,0.0415580070894845,0.0254002704180816,-0.0171912458831265,-0.0129014757937614,0.0530220663648675,0.0153682017256465,0.066583168289611,0.0186706311224469,-0.00488758324487426
YYYY-00-DD 00:00:SS,-0.0406947127362802,0.0158159956094397,-0.0858339418905729,-0.0293621251784388,-0.0841868248633284,-0.0387324745345813,-0.0503875744142401,-0.0421117772818684,-0.0809368109350166,-0.0283606933912951,-0.075352340314684,0.0274551135276604,0.00659608360739328,0.0127742399680075,-0.0545700261865388
YYYY-00-DD 00:00:SS,0.0870376142453522,0.022968218718302,-0.0511383717434503,-0.0431828392660127,0.059524147519123,-0.0112605281086059,0.0107223753855568,0.0828131902520519,-0.058272274715594,-0.00133419765044252,0.0199136409460752,-0.00829887381217131,-0.00181276493809746,-0.0282763928952302,-0.0495313490895928
YYYY-00-DD 00:00:SS,-0.316639849536657,-0.161269457468019,-0.0704428618138156,0.0954471326414741,-0.0842700064981667,-0.0604612099694646,-0.0419663292436754,-0.122873319856463,0.00725897634845474,-0.0551583321420505,-0.127907122272192,-0.0555554176734184,-0.0734703153709738,-0.0455959870998026,-0.0036695783578492
YYYY-00-DD 00:00:SS,-0.0763887470987833,-0.170270221971204,-0.149937687187836,-0.142405229736591,-0.162401930256254,-0.0258425577161642,0.0230288808954768,0.0926720521007425,-0.113589366261539,-0.0202700823419775,-0.0473119255429481,-0.00257359529433221,-0.0410501803866458,-0.0267061110086764,-0.0386739754855654
YYYY-00-DD 00:00:SS,0.147816210865822,0.105940774030285,-0.0249952324266703,0.0565808438599433,0.0433822474944292,-0.00894217583848278,-0.0140584684230984,-0.0233626930737383,-0.0294012178599645,0.0363066646652657,0.0115606445861869,0.0323985117056551,0.016052693855013,-0.0454411214483353,-0.0178647804741286
YYYY-00-DD 00:00:SS,0.212195253638411,0.102804963364997,0.159231893744283,0.118472952029426,0.00493289502179417,0.0476621311350587,0.0532736309478867,0.103834982483861,0.0699635561115894,0.0294113826356475,0.0625002162943868,-0.00753744380019161,0.0511333735275432,0.00994531347978533,0.0237629245315796
YYYY-00-DD 00:00:SS,0.0850818518196523,0.038026269841108,-0.0781729016528353,-0.0975869312550866,-0.00335709570602372,0.0151165786112861,0.0519968729827076,0.0519879547012854,-0.0695227322425642,0.00883157095529863,0.0651255927868402,0.030379643430505,0.0358575620317085,0.0190596792323237,0.0273450377588336
YYYY-00-DD 00:00:SS,-0.112900424966382,-0.101568250876768,-0.00855981960708163,-0.202092749237455,-0.0286017300443803,-0.0835759366729231,-0.058163167501425,0.0315540683548916,-0.174494045535379,-0.120254940330915,-0.0936734084738995,-0.0569949484527177,-0.00746299977345422,-0.0423093565460493,-0.115343252702678
YYYY-00-DD 00:00:SS,-0.0507046631413264,0.0410472443976024,0.0543054058307266,0.19746492569161,-0.0650673408227296,-0.00898557806807176,-0.0323510096472635,-0.159132018243671,0.0676216227979176,0.00793848771569583,-0.0244434106466406,0.0242990608545757,-0.0643732569188429,0.044800331212772,0.00175578092729212
YYYY-00-DD 00:00:SS,0.066561345084182,0.0585538568919799,-0.109051937062469,-0.0526701118450439,0.0652739158055982,0.0154537537177284,-0.0156018320833008,0.00336021490169203,-0.00970914314119042,0.0274215566583749,0.0178972234915338,0.027006962576499,-0.0110297348465673,0.0206574404328266,0.069049936883631
YYYY-00-DD 00:00:SS,-0.329558192376125,-0.0996163304735456,-0.219369597177564,0.213301991118529,-0.021986018777375,-0.0941736740577017,-0.154774828290424,-0.149308782851007,-0.0625271385149805,-0.120717734865598,-0.124479857697179,-0.0125118755612439,-0.10982490810122,-0.074310973462167,-0.0820221412016685
YYYY-00-DD 00:00:SS,-0.0534049150991079,-0.213304013222885,-0.275138863166182,-0.109887174788722,-0.163357271282724,-0.165186769997321,-0.223952043135412,-0.187993524668269,-0.219205395114381,-0.182467759534192,-0.161208980030852,-0.126086972284013,-0.130003181398406,-0.114808520835747,-0.176343763182279
YYYY-00-DD 00:00:SS,-0.138674350878003,-0.25401817765839,-0.146053646519577,-0.232484938782139,-0.0883572860194228,-0.0696063376504592,-0.106867655656691,-0.0217899838814801,-0.184803716362977,-0.0822078878188833,-0.0840842659703576,-0.00207318078134167,0.041854207739056,-0.0631577129622002,-0.108355339876955
YYYY-00-DD 00:00:SS,-0.0789902144372675,0.20093671810433,0.0683625589769952,-0.00410581901737139,-0.0385755407267171,0.00979613617264952,-0.00575758143659744,-0.0449915086746134,0.0037068648292018,0.023260791693112,0.0158983923428102,0.000159763540971358,-0.024010059923903,0.0719002526440453,0.0607087776715678
YYYY-00-DD 00:00:SS,0.0560047662469672,0.147035902788895,-0.0433700884422067,-0.181059329358055,-0.120370346984155,-0.0821143292511741,-0.073878885655971,-0.0177937891527141,-0.261980955887165,-0.11998271153266,-0.0473717249023445,-0.0720570684860475,-0.00172251144519053,-0.0120523958174916,-0.10616647080769
YYYY-00-DD 00:00:SS,-0.00909774507329653,0.101496111045176,0.13436437821311,-0.104272870907155,-0.0490801678891559,-0.107449060906223,-0.0802464492431916,-0.123401487054983,-0.177489053222779,-0.170305830591489,-0.0381471096573998,-0.0808125323787802,-0.125258671484922,-0.123903878656091,-0.0907672807604798
YYYY-00-DD 00:00:SS,0.177023727606617,0.133508279111721,0.164031543712642,0.163238175438219,0.137461733212552,0.0833107516076959,0.153595312131795,0.0376425775259273,0.170837752369799,0.0881726439034753,0.111809667268812,0.0424840087464113,0.0190234621190937,0.060057544264122,0.126976157131742
YYYY-00-DD 00:00:SS,0.19701251668967,0.0964051465998914,0.212035532213401,0.243744961676214,0.10288488281057,0.0993462261520246,0.155785808899546,0.0781911972632849,0.217934267410278,0.18068404970711,0.104353032453189,0.0426539077917953,0.0117414787356111,-0.00123923140125493,0.18524136524458
YYYY-00-DD 00:00:SS,0.0793137630588823,-0.0314207511770275,0.127952131684201,0.118182049927681,0.0376441589721912,0.0584537177074869,0.0584339350184711,0.128877288738058,0.139794795744449,0.0335476787373426,0.0231882375087216,0.0509089514602903,0.0355902927185223,0.0682382878541079,-0.00729901034916025
YYYY-00-DD 00:00:SS,0.0487445920704508,0.0727017047524996,0.0198514605939453,-0.0756098417856313,0.137865181544397,-0.000655262841745441,-0.0453722704951909,-0.0654892385537306,-0.0178556943349627,-0.0170423149376325,0.0363970614222131,0.00198917638090257,0.0537159910157119,0.0237013828871715,0.0025341363125595
YYYY-00-DD 00:00:SS,0.147159657093932,0.0251015823834133,0.107569347180742,0.134762418179955,-0.0105173349101355,0.0746057108754976,0.128682051103729,0.053486014044134,0.0887025711004592,0.0874316716328527,0.0818234674617486,0.066550281611637,0.0376483597657429,0.0592935323134078,0.0948872944313925
YYYY-00-DD 00:00:SS,0.0295000404820904,-0.0532882413827921,0.0154167037366548,0.124450161096267,0.0539365597545165,0.0369397900067794,0.0236952630920497,0.0108655425562187,0.129900357614808,0.0477385583166277,0.0162439546904598,0.0122353291488027,0.0100207157703673,0.0269103285757135,0.0352195808121503
YYYY-00-DD 00:00:SS,0.101896543034701,0.14989528024375,0.114166420334551,0.00828328462114647,0.0434080566442228,0.0354572844278307,0.0422166837053792,0.0584234884527781,0.0194765482047457,0.0583382310924501,0.0463235624400393,0.0331088721839772,0.0137796188221932,0.00615167228897295,0.0534879722346353
YYYY-00-DD 00:00:SS,0.016994913429623,0.2726006510482,-0.0769187139574236,-0.0456287123284351,0.078148960858073,-0.0192254418527342,-0.0517128108195293,0.0246661791612806,-0.0595710622409428,-0.0398631802530749,-0.0124584234291704,0.0145335146717056,-0.0320491214219452,-0.0209273450549504,-0.0236620042781307
YYYY-00-DD 00:00:SS,0.060530510140119,0.14392733317819,-0.000866936207402746,0.01723695623931,0.0652721592957182,0.0616066757877878,0.107702746137347,0.0284162706576554,0.0434159322165511,0.0877820094805977,0.0553129361035236,0.0367784666810658,0.0482562787623604,0.0929816098039677,0.0671141209530925
YYYY-00-DD 00:00:SS,0.0541243691192421,-0.0102273515723255,-0.00483362465893589,-0.0192982617238409,0.0363822271611109,0.0191011260418794,0.0206892602870301,0.0088045888174213,-0.0140889874840007,0.0167409555054532,0.0580383424575734,-0.0022146662891207,0.0547138257906603,0.0183052725439226,0.0458664038379648
YYYY-00-DD 00:00:SS,-0.0885969243269972,-0.0677222741674903,-0.119165755690047,-0.0643922249244512,-0.075459057586704,-0.0363424457502701,-0.0863897312232839,-0.0440272457635146,-0.0152776169051991,-0.0147536857012709,-0.0859136490239601,-0.0102002469850105,-0.0480337660785197,0.00675905551274125,-0.0288880598566919
YYYY-00-DD 00:00:SS,0.0653963229903205,-0.055896674360344,0.0536617750186412,0.0778121121197597,0.0221456677875695,0.0311945879482791,0.0451226184931797,0.030091902472553,0.0352606462579501,0.0533237844600414,0.0348282769129278,0.0316796001795156,-0.0132067134958213,0.00383649341732695,0.0556899105278608
YYYY-00-DD 00:00:SS,0.148470148806376,0.146706102387891,0.0913336998345666,0.066237653943938,0.0216249499586558,0.0608798962854986,0.079161888904923,0.0281686186255623,0.0889890215753368,0.0869295580334613,0.068398111273829,0.0376739779931501,0.0269059758110137,0.0266739956367268,0.078068498136576
YYYY-00-DD 00:00:SS,0.111021430726759,0.00979599167122114,-0.14903627405191,-0.0474278806776781,0.042677033692835,0.0154699367079629,0.00206379787474242,0.0415508306131291,0.0131662431970727,0.0425735910162126,0.0125541159663039,-0.0107410424057115,0.0262979073219556,-0.0389048426263965,0.0602925359722677
YYYY-00-DD 00:00:SS,-0.0161244646775494,-0.0849015791454767,-0.00398907270182236,-0.0704551956583205,-0.151394223290617,-0.0794544317204643,-0.0953221765329624,-0.114505046055045,-0.0915843379676057,-0.091188214924023,-0.074818637260704,-0.0463264126287814,-0.0551907573590467,-0.0650903194744104,-0.0703619084887978
YYYY-00-DD 00:00:SS,-0.0208267147892245,-0.129124797277694,-0.0900453638590195,-0.0750378948262932,-0.108139736055294,-0.051740811875906,-0.0733210607752866,-0.0592549652776604,-0.0572871816190815,-0.0687522693804484,-0.0539657444725833,-0.0253141754446343,-0.00702020775571022,-0.018243017150669,-0.097191714223079
YYYY-00-DD 00:00:SS,0.0227406314302261,0.0789858784979491,0.148929617048528,0.101750176760612,0.121686468467842,0.068300608347647,0.128304297904676,0.0837357386569508,0.0651700593025766,0.104265578834542,0.0745095057135672,0.0580392321441163,0.074663615304668,0.0131205458335701,0.079299442772226
YYYY-00-DD 00:00:SS,-0.0550048336417847,0.0588684576922276,-0.0898171252283749,-0.0973185109249893,-0.0858116516197708,-0.0449806894941192,-0.0303030903199784,-0.0490340364658835,-0.0781781682352857,-0.0693298831777573,-0.0561136798000892,-0.0185324907370442,0.0144877927803442,-0.0164508417470869,-0.0397581727627996
YYYY-00-DD 00:00:SS,0.167215210093378,0.25819110193685,0.0558681179853724,0.0467546188892305,0.0434595649435556,0.0895544676572964,0.0775496987462017,0.0999552996351056,0.0606374686530562,0.115268173630323,0.116636871247506,0.0603787152887307,0.0289481087581296,0.0906333866110669,0.11021499376985
YYYY-00-DD 00:00:SS,0.0607219898403251,0.0520183260915776,0.114469573831432,-0.010022499488648,0.0890159680065588,0.0382020582514751,0.0616232132559693,0.0567252717101001,0.0146344983076463,0.0287722405287729,0.057776039583705,0.0319225680905333,0.0108352079120446,0.022302421406829,0.0553725029070042
YYYY-00-DD 00:00:SS,0.0337899686598,0.0615505563875667,-0.028834905246251,-0.00611203417991935,-0.0470489270763996,0,0.0112066280852408,0.0585753593285412,-0.00686799959909534,0.0133621699163253,-0.0164271822819667,-0.0156407827147808,-0.0302645231012434,-0.0288739039649047,0.0252411550599581
YYYY-00-DD 00:00:SS,0.0366701171514778,0.0262258053796194,0.076982044402512,0.134224702695955,0.104909007347592,0.0668524815831977,0.100377651808577,0.0931843820116158,0.107042263285392,0.0747673920381824,0.0555565043393966,0.0439955501615203,0.0310530896399948,0.0460324456041448,0.0409582543392579
YYYY-00-DD 00:00:SS,0.0519592382103606,-0.0575555589463975,-0.0269984243205148,0.060622795046668,-0.0064494457797617,0.0233000821635805,0.000781247251764317,0.07179492779623,0.0282129950738079,0.0392888246449667,0.0317585205410733,-0.014670500354689,0.0121249326896053,0.00571392755423217,-0.0061479965115645
YYYY-00-DD 00:00:SS,0.0409350533065276,0.0215161159491675,0.00310447182103646,0.0389404190439151,-0.0358057659675877,0.0347374669414806,0.0265347026276628,0.0736844767227074,0.0274388625790347,0.0212470932271518,0.02193128864482,0.0290857114248435,0.0122950909167299,0.0312503245932629,0.0599787990917011
YYYY-00-DD 00:00:SS,-0.0133065899767449,0.0394714747630327,-0.031627703926833,-0.0126359669827196,-0.0447701756307343,0.000120092608798084,0.0175408939605368,0.0188241595841645,-0.0247536251766172,0.0223038698822424,-0.0155093424666825,0.0124591404248757,0.0023131653866657,0.0180851680693987,-0.00581463354847978
YYYY-00-DD 00:00:SS,0.00464842711390312,0.0870481999152901,-0.0478565522887455,-0.00482807594114387,0.0208741179621215,0.0289614281785493,0.0212395129587442,0.00915391548200994,-0.000610345605485563,0.0273431010955671,0.0260939399059199,0.0534758845268684,0.0404769336961164,0.0643310595685338,0.0384119302968211
YYYY-00-DD 00:00:SS,-0.00656916277054631,0.00449417748728154,-0.0656746312166896,-0.0523776965388705,-0.0287835405577682,-0.0112145696360079,-0.0274040960118023,-0.0418740751197638,-0.0329669747250877,-0.0276486959839814,-0.0104716659849318,0.0250634778800776,0.0214110894254134,0.024687864308925,-0.00271232265374344
YYYY-00-DD 00:00:SS,-0.0349597095340369,0.0396563269863268,-0.0542885790825688,-0.0531915116892845,0.0395843857914631,-0.0168697697536911,-0.00401872392973812,-0.0192214080221591,-0.0274542592983429,-0.00545729114166738,-0.0248326230539974,-0.0266479285228235,-0.00143814284677435,-0.0112401219696265,-0.00217662839826649
YYYY-00-DD 00:00:SS,0.163285335833861,0.0881705623500491,0.0141258303682645,-0.00589790644148502,0.0538461404658599,-0.0200044021970034,-0.0345445272600691,0.0145987041620319,-0.0358302472506102,-0.0687430947337507,0.00428018467743629,-0.0128079800562643,-0.00925966636419517,-0.0396845911001422,-0.013926847693336
YYYY-00-DD 00:00:SS,-0.0144690709601679,-0.0327611378974977,-0.136315520589885,-0.0714463792901074,-0.0230696418941083,-0.0549758342595191,-0.0702442930379092,-0.102157858521814,-0.095945877190772,-0.0657441837896755,-0.0530806466195262,0.00194592827039464,0.0217066192468844,-0.0211021672664663,-0.0524593671030838
YYYY-00-DD 00:00:SS,-0.00912073202773023,0.00464619253752119,-0.186456629519853,-0.198083260818013,-0.0642860648967888,-0.0694205322194366,-0.164794642940841,-0.144234859478423,-0.113910693724447,-0.0931002467379952,-0.0306956674349165,-0.0329559064025676,0.00216103258987177,-0.0448798057682197,-0.0689517481465723
YYYY-00-DD 00:00:SS,0.0615229911103108,-0.0125792039700656,0.158646301398166,0.164209645270239,0.0699076057434513,0.109147176874255,0.173365294750382,0.191420488984378,0.143099816229856,0.14373694190131,0.102118563349848,0.046527611014022,0.0365852449289339,0.0576738650548272,0.119333924812344
YYYY-00-DD 00:00:SS,-0.05578351909888,-0.0993864538740538,-0.121579193826997,-0.10903333282127,-0.0321960116539269,-0.00406402230741187,0.00203173906253573,0.0166401911109082,-0.0511111329686793,0.0140633159994221,-0.0149941781859483,0.0277059688163286,0.0103301239364926,0.00953491453557698,-0.00717598862537672
YYYY-00-DD 00:00:SS,0.0596549744463732,-0.0997971181686088,-0.056644975146801,0.0736195846706782,0.0148554356845254,0.0104485197390227,-0.0227933025797394,-0.0204231529601086,0.0213321876652035,0.00254252406772348,-0.0022887350415034,0.0277031185357366,0.0333138754683917,0.0296504137645683,0.0130742746528842
YYYY-00-DD 00:00:SS,0.127110612689738,0.123281314762803,0.232666082646091,0.129880054674136,0.137519149482625,0.0463746224445851,0.109851118072831,0.0225662182508812,0.08153838180658,0.0731853233838493,0.0620820351955231,-0.0141586099631645,-0.0361308554748047,0.031997838592674,0.0589445833047604
YYYY-00-DD 00:00:SS,0.188310820293349,-0.0758588758218354,0.0360434102399838,0.0520103955475155,0.0819151670511753,0.0434053443236424,-0.00564826623970183,0.0592728600360945,0.0497867475930676,0.0278851332883783,0.0710324360674366,0.0374652455906568,0.00605488278228372,0.0106143012129745,0.0452565030213685
YYYY-00-DD 00:00:SS,0.105283194542338,0.126996448079358,0.0801632801250114,0.171763459415165,0.0163832069244851,0.0321638496711596,0.00380759632133865,-0.0380989438310401,0.0738785572110774,0.00978957200779851,0.045141763017212,0.0310087942359649,0.013590034838076,0.0447710319277321,0.0472061594154511
YYYY-00-DD 00:00:SS,-0.0259693362195978,0.145128636545671,-0.0741334163031061,-0.0591270713384665,-0.00743950114038705,-0.0066756272720222,-0.00811465053718052,-0.00710799022919884,-0.0234180728747836,-0.0109566619855642,-0.0112731138290456,0.00293420954833534,0.0176937812280566,-0.00265848527822754,0.0115326092136414
YYYY-00-DD 00:00:SS,-0.0107021886891018,-0.0818887051926864,-0.164938027146391,-0.228710846167158,-0.082400537963753,-0.0600559287678252,-0.0777200386788071,-0.106822269542889,-0.0920281113281718,-0.0632261851150726,-0.063380354231892,-0.0117027870161502,0.00560905172467918,-0.0362575236089757,-0.0550318605857889
YYYY-00-DD 00:00:SS,0.0108527950126271,0.0725189149210186,0.00167220826038017,0.0778278091859734,0.0479614877343164,0.0405811772845115,0.0491202702905953,0.0480996357037751,0.0499924500052531,0.0337120893462734,0.0326373507864233,0.0363948784796686,0.0411106782611046,0.0571202425166875,0.0193680411321473
YYYY-00-DD 00:00:SS,0.0458217959970295,0.0216772358919852,0.0525764981289283,0.0159578301179728,-0.0366131984703231,0.0118294257998741,-0.0127512485082968,0.0494196833414426,0.001365818898311,0.00392510986926853,0.0184476919007734,0.0247342099013876,0.0251421740369537,0.0099969266772344,-0.00548183699894567
YYYY-00-DD 00:00:SS,0.0938766042877406,0.0641663138657653,0.0523751689024474,0.0316665593601453,0.0527376748492576,0.0250521976989782,0.0232490536656151,0.0269921303333993,0.0341066881429577,0.0153588699449509,0.0420366905167162,-0.00477125372161546,-0.0414029218579345,0.0117217567570687,0.0461643606271624
YYYY-00-DD 00:00:SS,0.0027963536686002,0.0243686427987422,0.0752932555019454,0.0899300504148051,-0.0343935173643201,0.0253514517686209,0.0376647662985914,0.0311584785885688,0.0326368906984214,0.0111779295220709,0.0153282671579058,0.0175667011980041,0.0116929377450583,0.038089308210115,0.0308078408643038
YYYY-00-DD 00:00:SS,-0.107600193709197,-0.0842639482439553,0.0766186598699268,0.0372484650661198,-0.0409944663093664,-0.0181983902883154,-0.0209239016746643,-0.0202908885242955,0.0198846210772448,-0.00109500019692232,-0.0635744512974195,-0.0122801980686235,0.0140145907486695,-0.00224298346367113,-0.0153876405045948
YYYY-00-DD 00:00:SS,-0.0123741662154857,0.0822706157942521,-0.0335037152704802,-0.0143950507328124,-0.0596092904202814,0.00565968977493037,0.0185955623914413,-0.0122329020158619,-0.00880503791896203,0.0175390220214604,0.00900580874170265,0.018366589356895,-0.0428184342919832,0.00524590749044118,0.0316906917807038
YYYY-00-DD 00:00:SS,-0.0907434125198646,-0.00468164221496958,0.0829441544796419,0.0703502783808831,0.0033804054839861,0.00893461599697631,0.0319303128278026,0.0101877420105838,0.0464918224513895,0.0282254446796491,-0.00391426796618966,-0.0207666642557307,-0.000166208563302073,-0.00359361007407488,0.00450877714820663
YYYY-00-DD 00:00:SS,-0.144088876375159,0.0583170772414552,0.159140811142983,0.0773988910575498,0.0277050220352884,0.0511901186470491,0.0394247522573079,0.0830298445354627,0.0604023578410964,0.0575202818078804,0.0190639876858738,0.0564472827797096,0.0475374078972504,0.0759776305293629,0.0567032831458478
YYYY-00-DD 00:00:SS,-0.0252861895161017,-0.00463280974134883,0.0162915551400455,0.0397447048025823,0.0211354293350074,0.0127587644614615,-0.0135826920372353,0.00439572610401329,0.0120829435918652,0.0222053454028073,0.00782333555978099,0.0330894105470505,0.0232367378769294,0.0125842715464139,0.0159584204403391
YYYY-00-DD 00:00:SS,0.00285467772736436,0.00840050445753904,-0.0174279963518863,-0.0298443897288976,0.0291367042716191,0.037971536194275,0.0221197389973076,0.0254270323409973,0.0387379476156426,0.0237057432858197,0.0257768252221138,0.0492647811701164,0.0536891133045494,0.0621144458397096,0.0437586126140432
YYYY-00-DD 00:00:SS,0.000270994822685333,-0.0475814970184408,-0.00733904995107693,0.0391155930416576,0.156938172580862,0.0192121502202765,0.00944327275179591,-0.0131131621715973,0.026908444315189,-0.00742340876734393,0.0175089701369795,0.0294193387179267,0.0595908362954065,0.030032338394987,0.0303771360208993
YYYY-00-DD 00:00:SS,0.0224192300012833,0.0606359670480854,0.113111460355173,0.113854448758999,0.0617741560775307,0.0236097361075724,0.0189633905334479,0.0284910488835031,0.0609624648859282,0.0501809178894799,0.027922227857694,-0.0217396374278899,-0.0905142210538062,0.016480015324067,0.0276507860059447
YYYY-00-DD 00:00:SS,-0.118293350984295,0.0315378523380068,-0.0668189886425816,-0.032972825326702,-0.0103152443992148,-0.0133445411866805,-0.0411013591141409,-0.0226676300140603,-0.0157058179249057,-0.0154405270680961,-0.0289175186124363,-0.00302316721747642,0.00894553984584912,-0.00591269683497297,0.00820916652241888
YYYY-00-DD 00:00:SS,0.141225258273207,0.0847347710483808,0.0844961666031676,0.0633905983334553,-0.0781701944323682,0.0516771638351678,0.0555413091693846,0.052618348007031,0.0534705321164923,0.059099635396392,0.0372670996038718,0.0433578979113665,0.043316168168269,0.0716235706638237,0.0526596489582245
YYYY-00-DD 00:00:SS,0.0837668218431586,-0.0671933807594178,-0.0695118828722294,-0.0933072450129876,0.056386866520282,-0.0299925179200595,-0.00123530405078076,-0.0103130232012164,-0.0512444329825261,-0.0248008530302727,-0.0104003234827217,-0.04542182096397,-0.0499235303831639,-0.035280048958315,-0.0284658139661926
YYYY-00-DD 00:00:SS,-0.0214890352444527,0.112677067493068,0.0399658908509497,0.022956834524972,-0.00359289763611081,0.0316464896496473,0.0442845915200738,0.0211423813434215,0.0282159975349501,0.0586694143172743,0.0253212795905275,0.0137107385814719,0.0114733574081345,0.0320741778018103,0.0542293756091918
YYYY-00-DD 00:00:SS,0.0963815764467992,0.164374301826486,0.0167503287301483,0.00444376252519896,0.0640023493329869,0.0463067697103616,0.0418948074253831,0.0419728229792573,0.0331490204118838,0.0476188105779587,0.0502497007468816,0.0640705317643688,0.037731020021619,0.0430916417446776,0.0458520493115972
YYYY-00-DD 00:00:SS,0.0700529046968952,0.0812844997311071,0.0536786282049715,0.110206032706991,0.0849810156502575,0.0296375988871613,0.0130225814958331,0.000578974625282669,0.0442393406786592,0.0366106014718255,0.0309059361832007,0.0155843212417492,-0.0193398655801409,0.047185615202499,0.0345369634719117
YYYY-00-DD 00:00:SS,0.0089018345684273,0.0131345294747924,0.0492482294100096,0.0220201906069786,-0.0188828861668318,0.025926542097555,0.0489629617857268,0.0287167359140896,0.0224762463453232,0.0421861362971836,0.0353476346352526,0.00689907088470409,0.00911022457257404,0.00738884742927537,0.0228322198336968
YYYY-00-DD 00:00:SS,-0.107696921931268,-0.10055418953406,-0.0741284660641937,-0.0471601837643778,0.0114943318561225,-0.0352483463651954,-0.0471657730217294,-0.0579593208149917,-0.0365964177572593,-0.0426713644356972,-0.0257417991824618,-0.0516517546095767,0.0297606765404277,0.00937964798146362,-0.0600030933099141
YYYY-00-DD 00:00:SS,0.0575112341624102,0.00950682661601765,0.0176203271967874,0.0263727068295991,0.0200126450888072,0.0455156858385426,0.0690279337390125,0.0512113101566847,0.0303893371207877,0.0405760805596755,0.0439401746637975,0.039008535761393,0.0345265445660077,0.0621871083135253,0.06399239759317
YYYY-00-DD 00:00:SS,0.0199530287431242,-0.0710577480050429,-0.0156200315960254,0.0684620193246386,0.0699559651855346,0.00829558268698327,0.00825908205309345,0.021084045208605,0.0333081162933639,0.00956521635766117,0.00430213902988097,0.0219299826662347,0.0335094660855146,-0.0125782185204685,-0.028670631852334
YYYY-00-DD 00:00:SS,0.0993959629881638,-0.0958468076890834,-0.0245957971182415,-0.0720999288552201,-0.0143940938721455,0.00695157260391799,0.0082489435324391,0.0525485055996855,-0.0170098060057998,0.0133767523693624,0.00275092573484881,0.0274036421827286,0.0422093929361691,-0.00632565830410792,-0.0135971148980528
YYYY-00-DD 00:00:SS,0.078709317677369,0.0276854725774283,0.00334867566765529,-0.00732389107716558,0.0205151345449564,0.0232062463399338,0.029578644131333,0.0167485272923091,0.0150270014846663,0.0192341782783252,0.0375856349084478,0.0180829590932363,-0.0108770391418504,0.0287336525871038,0.0288219733285788
YYYY-00-DD 00:00:SS,0.0276619389156056,0.0391297759206095,0.047744139929006,0.0368905479521024,0.018564215797525,0.0206448215830313,0.0161449364654984,0.0551332498040655,0.02422682952658,0.00474898755360242,0.018689126702059,-0.00253276951776826,0.044419153609339,0.02121532213078,0.0193866537669396
YYYY-00-DD 00:00:SS,0.0287310552499867,-0.0363015228438798,0.0324294275401553,0.00786427890571684,0.0350120803918019,-0.0134375381114859,-0.0199433961963533,-0.0346652164898642,-0.0145124092782075,-0.0412507282526871,0.0169494936048555,-0.0331690697025753,-0.0680071298228643,0.00131522203599666,-0.012735726343992
YYYY-00-DD 00:00:SS,0.0775091015426206,0.0832295572489075,0.0393098438483777,0.030865402853733,0.0591690008628303,0.0394637235108413,0.0386433040551062,0.0218359236965269,0.0423919766987959,0.0422537425652691,0.0328200666723346,0.0461291413819798,0.0492121932010139,0.0484319557630177,0.0444677374477795
YYYY-00-DD 00:00:SS,-0.0170733068705186,-0.0489617911902458,0.0249008228802139,0.0132885936263558,0.0204709446767717,-0.0137962138821549,-0.0140514428267964,-0.0775137119359284,-0.00403401663498948,-0.0114640022786078,-0.00517027343310428,0.00588787658348666,-0.0187300397575442,0.00435010557015025,-0.0277090048095213
YYYY-00-DD 00:00:SS,0.0719602354175048,-0.0526609938523796,0.0349730924138709,0.0107481229309019,0.0127265322840195,0.0235507333886944,-0.0239965173330328,-0.0353127122929991,0.0289166021205076,0.0387582850445005,0.0160399764035522,0.0354686964926536,0.0803044872979595,0.052573735878656,0.0211428831531701
YYYY-00-DD 00:00:SS,0.105978715231842,0.108623139270398,-0.0051499407161425,-0.00529107684273922,0.0247404187603992,0.0274720503449892,0.0157024617141293,-0.0869365499372688,0.023489843462136,0.0307912905400309,0.0481007298148064,0.0554485074246438,0.0116557655417489,0.0347854103570127,0.0544784753776189
YYYY-00-DD 00:00:SS,-0.0718908960842793,-0.083540064142424,0.0287668439663615,0.0402261027899729,-0.0284464370805976,-0.00253646417795539,-0.00556897820424207,-0.00210787983174421,0.0187023601431733,-0.00021568788805626,-0.0217676154281291,-0.00935670497881835,0.0356714773665523,-0.0140337625807225,0.00890013320527672
YYYY-00-DD 00:00:SS,0.0614242450676321,0.142355378788184,-0.11050878873087,-0.125442299573731,-0.130247323313325,-0.0296294882263793,-0.0183203315008767,-0.0456035807119745,-0.0695510947094614,-0.0355247530913823,-0.0350664598739477,-0.0096929745469464,0.0232952986273884,0.0130154662882549,-0.0299375866699926
YYYY-00-DD 00:00:SS,0.100776608057295,0.0722929088400437,0.104261600771707,0.126884918415238,0.0931201886873849,0.0562047660680789,0.0796811118743148,0.0459294760269526,0.0582354951083979,0.0535090920013082,0.0799497038601602,0.0414412296331799,-0.0639485689501464,0.0428757529778143,0.0854408521230992
YYYY-00-DD 00:00:SS,-0.0313717823149,-0.0212015927003135,-0.00958940860114421,-0.0114229760177142,-0.0727479908605769,-0.015705771676463,-0.0490484906312716,-0.0115522299543851,-0.0061602609773288,-0.025460701454144,-0.0343554822210933,-0.0194265361371554,-0.00995295952580622,0.00640629967509043,-0.00483002482135564
YYYY-00-DD 00:00:SS,0.00578649142051124,0.133512474767229,0.0449539600146867,0.0511798492926689,0.196261877188035,0.0098338979289383,0.0336204777724392,0.0657387031949201,0.000829398118811442,-0.00251030338875868,0.0275097597351308,-0.00759119881016279,-0.00472643732138245,-0.0108963368475201,-0.000531023049849755
YYYY-00-DD 00:00:SS,0.0453389706683334,0.0176632657513227,0.0530141723646984,0.0398357826790436,-0.0303342480963378,0.0128561878561015,0.00376813294289735,-0.051886922405588,0.0194777866749118,0.00323572191056187,0.0185530293414837,0.00868312941382698,0.00633194995037334,0.0450425426088008,0.0131457916155997
YYYY-00-DD 00:00:SS,-0.0372274641019466,0.0113225665195096,0.0126098453348897,0.0301000466703001,-0.0578319437539586,-0.0203121498181509,-0.0394955340391242,-0.0348346225265896,-0.00460983543168336,-0.0265470648646479,-0.0411281070469075,-0.0183437797104718,-0.05984035772463,-0.00392001442322809,0.00554439737928836
YYYY-00-DD 00:00:SS,-0.0329267355168257,0.235112600928793,-0.017816761062483,0.0179738025923453,0.0577578043245068,0.0225892333273809,-0.0504234038173548,-0.0769029891773871,0.0340443055040889,0.00295969662732198,0.0285023489847151,0.0569327961958295,0.0610229453521076,0.0295736079020412,0.0489019277247256
YYYY-00-DD 00:00:SS,-0.0661962409456572,-0.0433833977552178,-0.0771439066526906,-0.0646430660201101,-0.0619491849712358,-0.0609498571320037,-0.0563654840695229,-0.042519237300333,-0.0706070498754923,-0.054039142535941,-0.0551902401002239,-0.0596303436685041,-0.0347807550829622,-0.0796442735698814,-0.0653207145565927
YYYY-00-DD 00:00:SS,-0.0218162441946628,-0.00194973575511204,-0.0786849878313044,-0.0488299718132957,0.0170039186305155,-0.0255161937968336,-0.0742142628514172,-0.0719340357900757,-0.0281342507879365,-0.0220406009969163,-0.0137185624471898,0.00389850915279899,0.0291743949268113,-0.0570291166897685,-0.00586953151040903
YYYY-00-DD 00:00:SS,0.0834090467525694,0.22272364473436,0.0790745672340165,0.0614005813861624,0.189335735478706,0.0850596679666582,0.134268675216511,0.11160124876855,0.0626655677802921,0.0877934207980053,0.105063187383786,0.0570035613600364,0.0106261829600796,0.0771551452722694,0.0903580269448654
YYYY-00-DD 00:00:SS,-0.00580426635307718,0.0621504423415265,0.0169102553921712,0.0378211129406498,0.0394439854701021,0.00365518375518836,0.00993791865528215,-0.000147003047154981,0.0199333194561302,0.00866047236106371,0.00710198146793029,-0.0092221766168965,-0.0212572956743733,-0.00322374336242159,-0.00234644576865672
YYYY-00-DD 00:00:SS,-0.110228387114165,0.0166817494872193,-0.0515207963429849,-0.00974797477886402,0.0207913078807642,-0.0172826574344247,-0.0434008678523911,-0.105169438741974,-0.0236436599657164,-0.0257245464083357,-0.0208115846577747,0.0291769486542406,0.02119130718313,0.0172289801471113,-0.0284311634434723
YYYY-00-DD 00:00:SS,-0.075242375746548,-0.131515502111203,-0.103589737204099,-0.0928497327920319,-0.00702971560638199,-0.0497863982663746,-0.107093330114257,-0.0349801647280665,-0.088543776040503,-0.0569702062147582,-0.0371235604193846,0.00534734307037965,0.0494459234193958,-0.077190048276723,-0.0518167292087274
YYYY-00-DD 00:00:SS,-0.00128764201447229,-0.0587393193675468,-0.0704403800113097,-0.0537815416884615,-0.0697890883410264,-0.000826165960656877,0.0781532585137188,-0.0280019832652847,-0.0290053772927993,0.0426086425465009,-0.0065471506771847,0.00315237363875665,0.0193748004021617,-0.00361089031810336,0.00445278939734406
YYYY-00-DD 00:00:SS,0.127211006214858,0.0744226338659604,0.0498228625518677,0.0518651062199196,0.0854951816421343,0.06726624548933,0.0757303016269637,0.101659005756331,0.0715911332954942,0.0697351368455286,0.0882172517052389,0.047383327627623,0.0797643088328861,0.0270745991392456,0.0669741242111763
YYYY-00-DD 00:00:SS,-0.139921256429249,0.111094283706747,0.0454199637723805,0.0751084284072541,-0.0970487621972308,0.00394101399429303,0.0511046158690462,0.0906450039870652,0.0360001092789144,0.0124390216968713,-0.0502705460742485,-0.014323516792214,-0.0241836635352023,0.0296549293531734,0.00126433899250511
YYYY-00-DD 00:00:SS,0.0717728299028302,0.0958170205713611,-0.0242292067164923,0.0327531261744953,0.0701966084632484,0.0170116635426003,-0.00339690387294034,-0.00933353597269926,0.0188762838665386,-0.00427342262254904,0.0488962075863859,0.0068832193208499,0.015076278741017,0.0223529042226513,0.000505117570823943
YYYY-00-DD 00:00:SS,-0.0426595831249558,-0.00991987040236053,-0.0683474161761745,-0.0479547114068611,-0.0345282098587137,0.00347569098733724,-0.00784564183145242,0.0272069899836371,-0.0323270744979115,0.00713171054006301,-0.0137780488874062,0.0535851191684813,0.0762809138970466,0.00909125383786358,-0.011395572004543
YYYY-00-DD 00:00:SS,0.0900626177355495,0.060353263933512,0.0688518389439923,0.0374634321544607,0.107679981498135,0.0364713141963464,0.0507121129388561,-0.0126025998598297,0.0345580309517903,0.0362435295752856,0.071016920741469,-0.00815939304510505,-0.00667048024968808,0.04866850161631,0.0456059799028341
YYYY-00-DD 00:00:SS,0.023651957912681,0.0136397459433029,0.0712339290435062,0.0551821799044503,0.0200800724879344,0.00119770134802311,-0.00266997340423691,0.0167708054159377,0.0384779831208106,0.00947620979983355,0.0116252967653423,-0.00585015196071847,-0.0554491401346943,-0.0324467693866389,-0.0129870478881465
YYYY-00-DD 00:00:SS,0.0655043090014173,0.0886031863247472,-0.0483300440179609,-0.0134814948558311,0.00243654575129937,0.0000578827251462855,-0.0116118049093066,0.0368817563622368,-0.0280178856735494,0.00186150329441626,0.0210182161929788,-0.0154552974062577,0.00361081930370921,-0.0050967502315743,-0.00266637677806769
YYYY-00-DD 00:00:SS,0.00433427100510508,-0.0567173333327502,0.105227358216606,0.0476569996001641,0.0402777492006992,-0.017336945395262,-0.0209422169407086,-0.0281829827873212,0.022797838501446,-0.0200411861767785,-0.00753463967805446,-0.00770539611279186,0.008981490959036,-0.0658713527269335,-0.0242380899032276
YYYY-00-DD 00:00:SS,-0.0216007958922209,-0.049694866724094,0.234121055972795,0.157522254197765,0.0124680920120301,0.0368385320081808,0.0682351813178734,0.0846689814758792,0.140324308861014,0.0908932285757127,0.00168708541220508,-0.0420454655805209,-0.0542183835777804,0.020635231267262,0.0480156206591362
YYYY-00-DD 00:00:SS,0.0479550032791403,-0.000932640793264272,0.091933165386459,0.0763378890595625,0.0311980479370031,0.0202716498420608,0.00176636484333903,0.0173077577733729,0.0375646455824379,0.00306062827841358,0.0225984452961521,0.0299658853013851,0.0489881791140119,0.00716277722785441,0.000390363055439158
YYYY-00-DD 00:00:SS,0.0477466471797487,0.09816366280939,-0.0423053048027884,-0.0138109829840317,0.0403927749758988,0.0178946297280349,0.0454728645023772,-0.0321295411040441,0.00258045271864993,0.0186434757813498,0.0355665526475264,0.0170179910291326,0.0125592529259972,0.0229186638568246,0.0421376194575596
YYYY-00-DD 00:00:SS,0.133777771710158,0.026181568550484,0.084547125398887,0.0707789022551046,-0.00436396848949583,0.039291693953321,0.00558125576248569,-0.0208504125227174,0.0527672875073955,0.0391292231261062,0.0453272480514095,0.0477277413159996,0.0526637575083091,0.0633861553244011,0.0181538365821814
YYYY-00-DD 00:00:SS,0.0486896845981228,0.0491101025739367,-0.0739336511746647,-0.0306775430270733,0.0293844551251929,0.00124991134885444,0.00621850767306786,-0.0148601110177224,-0.0295612172110967,-0.00765565868043527,0.0222605472311042,-0.00422692513739853,-0.00135330446933024,-0.00480603376203237,0.0213393967875306
YYYY-00-DD 00:00:SS,-0.0000696774884468843,0.0433708723351507,-0.0257705295908309,-0.00387210213668654,0.0394776104072743,0.00992601501897483,0.0125930722994758,-0.0294706042693466,-0.00842815175523814,0.0196740418667454,0.0200711043942752,0.0109931858865375,0.00760081910510735,0.0153305730814759,0.0239909175488289
YYYY-00-DD 00:00:SS,0.0678075301967092,0.0752764955490703,-0.0528542360523901,-0.0557468097944915,0.0260050017151112,0.0141130482480514,0.000188513076675223,-0.0353772601343088,-0.0118994753934902,0.0177873258393804,0.0395367042714636,0.0264588750674417,0.04139262724257,0.00768247525352872,0.0109928418538501
YYYY-00-DD 00:00:SS,-0.057214163667659,-0.0267639854898062,0.0503645183042896,0.112598667898202,-0.0130296539704924,0.00637485032035245,0.0185022777045549,-0.00111673205313512,0.0651332350739389,0.0135125826577001,-0.0281180901126733,-0.022534687848188,-0.0270883574176885,0.0456711514605956,-0.0125938801382445
YYYY-00-DD 00:00:SS,0.0327039944803948,0.0204339145628873,0.0154573268101423,0.00990076792380079,0.0546933074717515,0.0205542528502236,0.0154247238418579,0.0261861962994672,0.0170246440187678,0.00293632741585181,0.0445904273483941,0.00691651790018089,0.0242491909981684,0.00820281459870187,0.0193016426364197
YYYY-00-DD 00:00:SS,0.106999296230951,-0.00726887920182839,-0.00366515000938516,-0.00991267286003883,0.0339529243312602,0.00291773586136168,0.00786951824205184,-0.0547883951546247,-0.0155439675040317,0.00219591845290723,0.0292161961967563,-0.0110267401064346,0.0328825728630258,0.0175241316381476,-0.0186077209174487
YYYY-00-DD 00:00:SS,-0.0602439017267612,-0.0196308387510387,0.0601145167765602,0.0508306640403098,-0.00374517302723032,0.0201494942008018,0.0369702142671269,0.101823086978908,0.0513300804603798,0.0418444029763954,0.00817846973723069,-0.00714995560266374,-0.0275674128865998,0.00911377382165868,0.00823906433541355
YYYY-00-DD 00:00:SS,0.0968078345947139,0.14971660411518,0.0223026341891344,0.0595550922756218,0.116660130447471,0.0235638462301862,0.0387323262585122,-0.00832341770676925,0.0286153446884567,0.00746490807841105,0.0651439158385325,-0.0164875449855204,0.039019928078039,-0.007585802242975,0.0212033102372557
YYYY-00-DD 00:00:SS,0.0202778471914111,0.0646623197820653,0.0244896746393262,0.0388629858492615,0.016983775728558,0.0305660155014151,0.00949165010971931,0.0175229852803049,0.0345866611122321,0.041660854477676,0.0141380932971444,0.0557542825164179,0.0268504030272727,0.0290963100806627,0.050657722850979
YYYY-00-DD 00:00:SS,-0.0152459213356074,-0.00618655559538983,0.0287512683918878,0.0231534938490687,0.0162768097950618,0.0121280049266392,0.0212696311793295,0.0526940974488181,0.018881318698603,0.0210854520374983,0.00545821179080863,0.0225300668494419,-0.0605818378080447,-0.00550486149895113,0.0245823304997159
YYYY-00-DD 00:00:SS,-0.0106362559506767,0.240638965510259,0.0515388000650538,0.0872691518657007,0.110708174017223,0.0563591038180093,0.0399800329500972,0.0358428667920268,0.0655678462411997,0.053653851931029,0.0703672938649051,0.016347559061582,-0.0311313260151415,0.0655539597414625,0.0924106381607277
YYYY-00-DD 00:00:SS,0.0681847504405946,0.0424290855281364,-0.0157599038121143,-0.00146969822932752,-0.00841505448399338,-0.0363605044252545,-0.0527400886455934,-0.108349978926603,-0.029253450615727,-0.0386301436217878,-0.00409048074890328,-0.0762714468250502,-0.038793133454844,-0.0449488746596885,-0.0346907592867388
YYYY-00-DD 00:00:SS,-0.0580505676659523,-0.0430493487081104,-0.0421025791424667,-0.0478787263042246,-0.0266609424763863,-0.0274104485578588,-0.0414635173030348,0.0172303108126222,-0.0415532446651862,-0.02688318803403,-0.037337949378361,-0.00906873992890822,0.0379650928054314,-0.0291660325937919,-0.0238471437280789
YYYY-00-DD 00:00:SS,-0.0150197024594365,0.0820747314851995,-0.0537202062756048,-0.00580490806455924,0.024651817301304,0.00516817655908031,0.00122933678999537,0.0949412764482096,-0.00435230910841056,-0.0278636637965171,0.000611500797758957,-0.0414213438690012,0.0203837751975684,0.0105651576070875,0.0237929783934512
YYYY-00-DD 00:00:SS,0.135124046049418,0.0405394124602867,-0.0488871537803054,-0.0162714226700322,0.0614674772652128,0.0243090615448089,0.0205228197728291,0.0299416051180399,-0.00983628459355179,0.030739272284551,0.0678273930718925,-0.0156590574233872,-0.0110551285806266,0.00182353230648102,0.0198649478901238
YYYY-00-DD 00:00:SS,-0.00941826533054457,0.0430652875647188,-0.0235079699102456,-0.026259379564049,-0.00232705478600859,0.00575076418724008,0.00275557324890996,0.00569550653869744,-0.017469429382315,-0.0338897852940878,-0.00263144901257517,0.0456902850514826,0.0281383869463077,0.0164930286074465,0.0361866716960666
YYYY-00-DD 00:00:SS,0.0279831761116744,0.0456758973690179,0.0764382299446607,0.109161879424669,0.0757530461544496,0.0370465062766856,0.0285860758397076,0.0155383993179698,0.0511472961784454,0.0738517562145502,0.0208722685287424,0.0395885928078938,0.015973936600312,0.065540623670195,0.0180238415595653
YYYY-00-DD 00:00:SS,0.200422201803804,0.132364539611455,0.00491766303753272,-0.00321875002939787,0.0629927389166263,0.0319200419294103,-0.00770124299905539,-0.0347507415679078,0.0135955713149765,0.00234031343303354,0.0659899203156311,0.00392011512166301,0.0128812777995331,0.0432923956653637,0.0510469705662342
YYYY-00-DD 00:00:SS,-0.00830294630927197,-0.00482432199668614,-0.0570624710882485,-0.0151858329445124,0.0181608421700075,0.00594554441428086,-0.0179541403438104,0.0244596868124758,-0.0221546348362841,0.0217735795967395,-0.000192552121668577,0.00987221602698907,-0.00648325846553144,0.0295421241997835,0.00530440066444804
YYYY-00-DD 00:00:SS,-0.0304774909085842,-0.202191707555854,0.00503918180732654,-0.0270876483953149,-0.066101376233671,-0.0691043573202739,-0.0918351395379287,-0.11328218984085,-0.0471357854955193,-0.108673519692883,-0.080047705929179,0.0200257414517113,0.0197529578515858,-0.067787470173302,-0.101006675117203
YYYY-00-DD 00:00:SS,-0.181197509183198,0.0576717502496773,-0.150453760308001,0.0199046561665754,0.0426838813475416,0.0185493837404425,0.0380156956864015,-0.0156343226246327,0.0262558023009798,0.0380654095952997,-0.0196248233741965,0.0227232449407209,0.0353884120256731,0.080834037401821,0.0247674266293885
YYYY-00-DD 00:00:SS,-0.116698529931211,-0.11134978632261,-0.123970885071485,-0.122043216889686,-0.0840473322197425,-0.0880485272336875,-0.068877217464041,-0.124392022580805,-0.111289510861096,-0.106590256163915,-0.0837650291460786,-0.0891452996642045,-0.0399446757046297,-0.0935362560237296,-0.079562254187064
YYYY-00-DD 00:00:SS,0.0551540645745863,0.144317139485919,0.185333553754424,0.0688436296311339,0.0281578843097596,0.0800655307903095,0.056017364856209,0.112118630440295,0.0890008989759217,0.11426795485651,0.0693772994757549,0.0513981919794919,0.0347694367470401,0.0480865991673598,0.0986768822805399
YYYY-00-DD 00:00:SS,0.0447766562464691,-0.0459060034506084,-0.00260404729117336,0.00830911924966804,0.0773575764016967,0.0324156684011221,0.0318650926035535,0.0230480472652119,0.0223592897130467,0.0636756364305509,0.0691007902066856,0.0177934828619339,0.0410883397074726,0.0108085820444897,0.0131457262924188
YYYY-00-DD 00:00:SS,0.0970256163827763,0.0859357663427225,-0.0239449301503506,-0.0299921979394614,0.0527538712986293,0.0181007957293493,0.0125291983057616,0.0212809734424579,-0.0255940685561211,-0.0114949124956371,0.047686924755143,0.0382300140618732,0.0279147522437278,0.00481920098136457,0.0365528723987607
YYYY-00-DD 00:00:SS,0.0564358112035312,0.0818587783412887,0.0725556443594741,0.155171357348608,0.107342720596911,0.0408523319715552,0.0351351146943375,-0.000151430996301549,0.0898484673726343,0.0397174019488922,0.063648269985346,0.0285152886657611,0.0092831782771412,-0.0271390642209342,0.0546334572114999
YYYY-00-DD 00:00:SS,-0.12421280012044,-0.0786132880565847,-0.109787566213398,-0.0869454323931288,-0.0494807741773401,-0.0637710371040763,-0.0818102826993236,-0.11102704397594,-0.0717345744446548,-0.0764002774312604,-0.0866470524093023,-0.0363886474470193,-0.00783525330921608,-0.0221822280772111,-0.0760390105162723
YYYY-00-DD 00:00:SS,0.13051903142453,0.0667917671873213,0.121157022845694,0.0551153523422332,0.0831176593721705,0.0695862960531692,0.115637251996886,0.093951626123552,0.0665370082334671,0.0792042059434899,0.0893828587826475,0.0521953694194277,0.0318631491412518,0.0659400276773985,0.0781589779386727
YYYY-00-DD 00:00:SS,0.076394510607386,-0.0141791033711462,0.0759043147608454,0.0449126264548196,0.0172440931864439,0.0151195360241547,-0.00273497357478336,-0.0158529529135549,0.0235507734440021,0.00516680223252797,0.0349818824896426,0.0234199642467527,-0.00134175861532915,-0.0161916635224395,0.0127518568016285
YYYY-00-DD 00:00:SS,-0.0164611873095693,-0.0484738366675468,-0.067870091795272,-0.0529309679236334,0.0150366818263441,-0.016743482217454,-0.028282522656643,-0.0832536770738486,-0.0470797435115056,-0.0264714816855939,-0.015352118178432,0.0217063121659946,0.0508818096394712,-0.00592496822163013,-0.00944339015280204
YYYY-00-DD 00:00:SS,0.0729616016872237,-0.0227327767396165,0.0162815939854013,0.071272393940345,0.00848681588239231,0.0194580120576948,0.0317977586925162,0.0393429767030899,0.0454215011604415,0.0301138560341838,0.0157285786061634,0.0175125261822497,0.0425162683307852,-0.00105563733370517,0.0127144593972117
YYYY-00-DD 00:00:SS,0.110684494935886,0.023474718849273,0.0296772880700309,0.0699354035952877,0.0312161682757193,0.022104609693884,-0.000171815142396614,-0.0209459725213954,0.0250000690642909,0.0113357970520964,0.0389915920886736,-0.00423308750367835,-0.00756868122602816,0.0512592219289769,0.00124271443465651
YYYY-00-DD 00:00:SS,0.0775539983963585,0.0135873009940157,0.0431999963204688,0.0547550459995712,0.059462449542099,0.0361981622603411,0.031792350758274,0.0160454762819029,0.0505226805906256,0.0449624958236219,0.0536633638305008,0.0137344836168087,-0.01867702869709,0.0500263503765239,0.0132395321927024
YYYY-00-DD 00:00:SS,0.0987838622921513,0.0261216768751193,0.0387621154499975,0.0579841276239177,0.0417491410418758,0.0290554983612195,0.0286241509523426,0.0602622803098163,0.0260925916277621,-0.00201110126362181,0.0432061496948839,0.0241272829278012,0.0329052970531767,0.0347528159658477,0.0276316922451441
YYYY-00-DD 00:00:SS,0.0540100328638122,0.0870638193017939,0.0340105061832368,-0.0444064679990346,0.0794547335118392,-0.000403796207629758,-0.0617061268015203,-0.109926740643947,-0.0266407162130305,-0.00441895433144635,0.0399258943378829,0.00317564506531043,0.0674713944204903,-0.0267032952355892,-0.000797310443946153
YYYY-00-DD 00:00:SS,-0.114701462882111,-0.0622137343809953,-0.150378341710582,-0.122771261635429,-0.0456880993933024,-0.07916584871447,-0.0851986568047043,-0.152881798156172,-0.112483285733227,-0.0990010855456316,-0.0730094707653326,-0.0821461550928514,-0.0985793606913729,-0.0658663145064585,-0.0757260144380055
YYYY-00-DD 00:00:SS,-0.0697615188074858,0.0350205551177836,-0.230014389623886,-0.224614651248764,-0.0265415517129084,-0.124871193822188,-0.139967175042769,-0.343709473876229,-0.210359413368418,-0.186259715371986,-0.0857796057392495,-0.055320893141793,-0.0999560408306032,-0.0388737170274438,-0.149133406998365
YYYY-00-DD 00:00:SS,0.155373822151903,0.268900168831837,0.186493104625024,0.0746983782873918,0.136326259759862,0.126983581821214,0.151865034452553,0.307639484414479,0.0946205443364778,0.0881207137576339,0.137364743358207,0.0695796496801744,0.0333875367428646,0.125874994455041,0.188825368588003
YYYY-00-DD 00:00:SS,0.085094275582005,-0.012784916254042,0.0779537415782972,0.0161863113394831,0.0253911865344261,0.047645255793126,0.0688127394936395,0.01999984175564,0.0272051329098095,0.053885596506354,0.0717645632923234,0.0166495590377118,0.0424379675672075,0.0328886887412176,0.0650944317168722
YYYY-00-DD 00:00:SS,0.147386150496737,0.129566747048265,0.00575076540244823,-0.0333984449310499,0.110559297075365,0.0177343552430134,0.0218144169455083,-0.0109554046652532,-0.00522829904834088,0.0197282141168165,0.0694904165361778,-0.0022462226162917,-0.046722702161507,-0.0244255799492762,0.0307387905092618
YYYY-00-DD 00:00:SS,0.165131601110347,0.147113567838662,0.00172054966011093,0.0374410811406554,0.00737062308454539,0.0588922134496843,0.071162495691141,-0.0480844848059875,0.0384617065119885,0.044104946195086,0.0568474934306016,0.0692360260276061,0.0779727705159197,0.0545618479673071,0.0727429281485623
YYYY-00-DD 00:00:SS,0.216569338681222,0.0904609740892384,0.0411717655714872,0.0367343518645438,0.102751908588551,0.0697967159102695,0.0435718454507796,-0.0105467039448626,0.0428629408634795,0.0847622000663726,0.118808387512855,0.0459331114084793,-0.0259741378322197,0.0258694028450814,0.0955475346853905
YYYY-00-DD 00:00:SS,-0.10252634781131,-0.0875785242047969,-0.0190363936935351,-0.0391257472925852,-0.067396779878397,-0.0374435798380642,0.0150762322673148,-0.146066381493175,-0.0342223106375306,-0.00682169787066233,-0.0533510473653016,-0.0167478483621424,0.0108133707380038,-0.0218046135205022,-0.0186339104797049
YYYY-00-DD 00:00:SS,-0.0600120966263045,-0.0357541227171979,-0.059362138287959,0.0278357409360972,-0.0373697451684513,-0.0249336496433066,-0.00722805509031543,-0.0410685074040369,-0.00872450148574966,-0.0144194651162744,-0.050042736741933,-0.0287051339764611,0.0505221109918743,-0.0362155518389388,-0.0272826042503895
YYYY-00-DD 00:00:SS,0.0954932520236393,0.0434399291737664,0.219741909924764,0.202366294475443,0.0600605180240839,0.10877692113354,0.123615012825831,0.279944191605888,0.16848276629471,0.160274169133487,0.113837274998158,0.074686788745927,0.00737411060677529,0.0794806738328682,0.0999509528584359
YYYY-00-DD 00:00:SS,0.11457367838683,0.0280583235950609,0.149914910526866,0.0779607499284121,0.0390058324464015,0.0370483069341734,0.024816128010374,0.0448014522331317,0.0630604493193736,0.0100683356736562,0.055416335033283,0.0165103439224481,0.00620427948041202,0.0379782558642765,0.0242784572010164
YYYY-00-DD 00:00:SS,-0.00550155723060408,-0.0155760122365284,0.0282887373699754,0.0198838680738302,0.0428919141214752,-0.0101903932462583,-0.0241745948631536,0.037466897436232,-0.0179782926901673,-0.0426878384621781,-0.0083834297928429,-0.0498147315541946,-0.00877194878928289,0.0140161952245503,0.00765018395778449
YYYY-00-DD 00:00:SS,-0.0797120009502836,-0.035328432804027,0.178153937228755,0.143778651992457,0.00411793422077222,0.0278054685304305,0.0411948055682823,0.224567669951167,0.116062143807212,0.0688923699526978,0.0136509194895837,-0.0123263751904068,-0.060981491155689,-0.0210379617789114,-0.00530838796910249
YYYY-00-DD 00:00:SS,0.00733958368522014,0.000371863090918856,0.0275586755347186,0.0343819549750428,0.0145881601569444,0.045399288478065,0.0759043019311361,0.0297098726762495,0.0585241951431959,0.0898686483651581,0.0190286332652958,0.0849820343506142,0.105520613563289,0.0402732334907043,0.0445982369998661
YYYY-00-DD 00:00:SS,0.0762178214055473,0.120662631322795,0.0655963487457241,0.0163298928326208,0.0696017196872876,0.0529104582826703,0.0538070985038743,0.00672642833897541,0.0649045050577648,0.0353479961689636,0.0518785300492293,0.0185918078146565,0.0418488678693007,0.0393181517276167,0.0645563991085549
YYYY-00-DD 00:00:SS,-0.0504970843253976,-0.0704702225346543,0.0712480726438185,0.067810988233044,-0.00762736195260849,0.00656606957130434,0.0508188852220857,0.0570966169594356,0.0477111086724456,0.0312960136668616,-0.00930566586268,0.0176774783377003,-0.0233812352726428,0.0187093132391667,-0.0339816949176284
YYYY-00-DD 00:00:SS,0.0940534560893784,0.0698308815648294,0.0016128329692886,-0.0614954077308284,0.0869913563675377,0.0182363667895464,-0.0551642290658378,0.0295689890795587,-0.0346223087762579,-0.0303337727020946,0.0700216544054095,-0.0131199334758438,-0.0202270676280073,0.0236392507525163,0.0337575894322284